{"name": "Adam", "learning_rate": 0.009999999776482582, "decay": 0.01, "beta_1": 0.8999999761581421, "beta_2": 0.9990000128746033, "epsilon": 1e-07, "amsgrad": 0.0}